{
    "browser": null, 
    "current_session": "", 
    "default_session": null, 
    "loading_time": null, 
    "log_exclude": null, 
    "log_timestamped": null, 
    "platform": "windows", 
    "root_path": "", 
    "sas_log_name": "", 
    "sessions": {}, 
    "studio_address": null, 
    "studio_address_ue": null, 
    "subl_path": null, 
    "xpath_clear_button": null, 
    "xpath_clear_button_ue": null, 
    "xpath_code_field": null, 
    "xpath_code_field_ue": null, 
    "xpath_code_tab": null, 
    "xpath_code_tab_ue": null, 
    "xpath_submit_button": null, 
    "xpath_submit_button_ue": null
}